awayW,total_first_round_won,total_semis_won,total_wins,total_losses,PostGS,PostMinutes,PostoRebounds,PostdRebounds,PostRebounds,PostAssists,PostSteals,PostBlocks,PostTurnovers,PostPF,PostftAttempted,PostftMade,post_wins,W,L,playoff,year
3.0,0.0,0.0,0.0,0.0,4.0,182.0,12.0,19.0,31.0,13.0,7.0,2.0,12.0,26.0,16.0,10.0,0.0,0.0,0.0,1,2
4.0,1.0,0.0,2.0,1.0,24.0,1058.0,69.0,123.0,192.0,72.0,47.0,12.0,65.0,86.0,87.0,61.0,3.0,3.0,3.0,1,2
6.0,0.0,0.0,0.0,0.0,0.0,0.0,0.0,0.0,0.0,0.0,0.0,0.0,0.0,0.0,0.0,0.0,0.0,0.0,0.0,0,2
13.0,1.0,1.0,6.0,0.0,18.0,758.0,48.0,84.0,132.0,29.0,27.0,12.0,43.0,61.0,33.0,30.0,6.0,6.0,0.0,1,2
4.0,0.0,0.0,0.0,0.0,1.0,69.0,5.0,10.0,15.0,4.0,0.0,1.0,2.0,4.0,1.0,0.0,0.0,0.0,0.0,0,2
13.0,1.0,0.0,2.0,0.0,20.0,712.0,40.0,83.0,123.0,70.0,21.0,11.0,54.0,66.0,60.0,49.0,2.0,2.0,2.0,1,2
4.0,0.0,0.0,0.0,0.0,0.0,0.0,0.0,0.0,0.0,0.0,0.0,0.0,0.0,0.0,0.0,0.0,0.0,0.0,0.0,1,2
7.0,0.0,0.0,0.0,0.0,0.0,0.0,0.0,0.0,0.0,0.0,0.0,0.0,0.0,0.0,0.0,0.0,0.0,0.0,0.0,0,2
8.0,1.0,1.0,4.0,0.0,35.0,1395.0,60.0,131.0,191.0,110.0,67.0,25.0,96.0,125.0,100.0,81.0,4.0,4.0,3.0,1,2
5.0,0.0,0.0,0.0,0.0,12.0,462.0,18.0,49.0,67.0,28.0,16.0,12.0,30.0,42.0,24.0,16.0,1.0,0.0,0.0,0,2
9.0,0.0,0.0,0.0,0.0,8.0,342.0,10.0,27.0,37.0,32.0,9.0,8.0,19.0,40.0,28.0,19.0,0.0,0.0,0.0,0,2
4.0,0.0,0.0,0.0,0.0,0.0,0.0,0.0,0.0,0.0,0.0,0.0,0.0,0.0,0.0,0.0,0.0,0.0,0.0,0.0,0,2
8.0,0.0,0.0,0.0,0.0,10.0,377.0,17.0,41.0,58.0,30.0,14.0,2.0,19.0,33.0,34.0,28.0,0.0,0.0,2.0,1,2
2.0,0.0,0.0,0.0,0.0,0.0,10.0,1.0,0.0,1.0,1.0,0.0,0.0,2.0,0.0,0.0,0.0,0.0,0.0,0.0,0,2
6.0,0.0,0.0,0.0,0.0,0.0,0.0,0.0,0.0,0.0,0.0,0.0,0.0,0.0,0.0,0.0,0.0,0.0,0.0,0.0,1,2
7.0,0.0,0.0,0.0,0.0,8.0,357.0,12.0,27.0,39.0,25.0,12.0,6.0,27.0,29.0,30.0,20.0,0.0,0.0,0.0,0,2
5.0,1.0,1.0,4.0,0.0,25.666666666666664,859.5,36.83333333333333,79.5,116.33333333333331,60.66666666666667,25.0,20.0,56.33333333333333,85.83333333333333,53.66666666666666,40.0,2.0,4.0,4.0,1,3
6.0,1.0,0.0,0.0,0.0,17.5,723.0,44.0,73.0,117.0,44.0,31.5,11.5,45.0,62.5,54.5,41.0,2.0,0.0,0.0,0,3
5.0,0.0,0.0,0.0,0.0,0.0,1.5,0.0,0.0,0.0,0.0,0.0,0.0,0.0,1.0,0.0,0.0,0.0,0.0,0.0,0,3
10.5,1.0,1.0,3.0,0.0,20.0,820.5,41.0,95.5,136.5,45.5,34.0,11.0,48.0,59.0,57.5,47.0,3.0,6.0,2.0,1,3
3.5,0.0,0.0,0.0,0.0,2.0,138.5,4.5,11.0,15.5,15.0,4.5,0.5,11.5,11.0,4.0,3.5,0.0,0.0,0.0,1,3
12.5,2.0,1.0,4.0,0.0,22.33333333333333,886.0,51.66666666666666,119.83333333333331,171.5,74.33333333333333,31.0,32.33333333333333,60.16666666666667,79.33333333333333,84.33333333333333,63.0,4.0,8.0,3.0,1,3
7.0,0.0,0.0,0.0,0.0,9.0,347.6666666666667,15.5,30.5,46.0,19.5,10.333333333333332,6.5,14.5,29.833333333333336,36.16666666666667,20.33333333333333,0.5,0.0,0.0,0,3
6.5,0.0,0.0,0.0,0.0,0.0,0.0,0.0,0.0,0.0,0.0,0.0,0.0,0.0,0.0,0.0,0.0,0.0,0.0,0.0,0,3
8.0,2.0,1.0,3.0,0.5,32.5,1293.5,58.5,122.5,181.0,98.0,56.0,22.5,83.5,111.0,86.0,64.5,3.5,7.0,6.0,1,3
4.0,0.0,0.0,0.0,0.0,9.0,431.5,18.5,34.0,52.5,23.0,11.0,9.0,25.5,36.5,22.0,15.0,0.0,0.0,0.0,0,3
6.0,0.0,0.0,0.0,0.0,3.0,128.0,4.5,11.0,15.5,11.0,2.5,4.0,7.5,12.0,11.0,5.5,0.0,0.0,0.0,0,3
4.5,0.0,0.0,0.0,0.0,5.5,172.5,4.5,11.0,15.5,30.0,3.0,2.0,8.5,12.0,11.0,9.0,0.0,0.0,0.0,0,3
8.0,1.0,0.0,0.0,0.0,17.5,697.0,33.0,72.0,105.0,55.5,24.5,11.5,36.5,60.5,73.5,60.0,3.0,0.0,0.0,0,3
3.5,0.0,0.0,0.0,0.0,0.0,58.0,1.0,8.5,9.5,1.0,0.0,3.0,2.5,4.0,2.0,2.0,0.0,0.0,0.0,1,3
8.0,0.0,0.0,0.0,0.0,6.0,224.0,9.5,24.5,34.0,15.5,7.0,6.5,13.0,25.0,33.5,26.5,0.0,0.0,2.0,1,3
4.5,0.0,0.0,0.0,0.0,3.0,119.0,4.5,10.0,14.5,2.5,5.0,3.0,8.0,10.0,11.0,8.0,0.0,0.0,2.0,1,3
7.0,1.0,1.0,2.0,0.0,25.5,868.0,36.0,82.0,118.0,65.0,30.0,16.5,54.0,76.5,52.0,38.5,0.0,4.0,6.0,1,4
7.0,0.0,0.0,0.0,1.0,5.5,226.0,13.5,19.5,33.0,32.0,11.5,3.0,12.5,17.5,16.0,13.0,0.5,1.0,2.0,1,4
3.0,0.0,0.0,0.0,0.0,4.0,135.0,3.5,13.5,17.0,5.0,4.5,3.0,5.0,11.0,17.5,11.0,0.0,0.0,0.0,1,4
9.0,0.0,0.0,0.0,0.5,15.0,602.0,30.5,65.5,96.0,53.5,21.5,12.5,32.5,48.0,57.0,45.0,0.5,1.0,4.0,1,4
4.5,0.0,0.0,0.0,0.0,10.666666666666668,414.83333333333337,35.333333333333336,48.5,83.83333333333333,27.666666666666664,11.5,6.0,29.33333333333333,32.166666666666664,39.33333333333333,27.833333333333336,0.5,0.0,0.0,0,4
12.5,2.0,2.0,6.0,0.0,30.5,1259.5,61.0,163.5,224.5,132.5,57.0,41.5,89.0,128.0,122.0,91.5,6.0,12.0,1.0,1,4
4.5,0.0,0.0,0.0,0.0,1.5,54.5,2.0,3.0,5.0,2.0,2.5,0.0,4.0,5.5,5.5,4.5,0.0,0.0,0.0,1,4
8.0,2.0,1.0,0.0,0.0,38.0,1369.0,55.0,135.5,190.5,112.5,44.0,14.0,76.5,100.0,108.0,78.0,3.5,0.0,0.0,0,4
2.0,0.0,0.0,0.0,0.0,0.0,35.5,3.5,6.0,9.5,1.5,0.5,0.0,4.0,0.5,3.0,1.0,0.0,0.0,0.0,0,4
6.0,1.0,0.0,2.0,1.0,10.0,396.5,23.0,40.0,63.0,35.0,12.5,8.0,21.5,34.0,47.0,38.0,1.5,3.0,2.0,1,4
6.0,0.0,0.0,0.0,0.0,7.166666666666667,313.8333333333333,8.333333333333334,21.0,29.33333333333333,24.666666666666664,13.5,4.333333333333333,17.166666666666668,24.83333333333333,24.166666666666668,20.666666666666668,2.0,0.0,0.0,0,4
5.0,1.0,0.0,0.0,0.0,13.5,545.5,23.83333333333333,45.0,68.83333333333333,55.833333333333336,14.333333333333332,4.5,23.666666666666668,49.16666666666667,40.5,31.0,3.0,0.0,0.0,0,4
6.0,0.0,0.0,0.0,0.0,11.5,401.5,22.5,43.0,65.5,28.0,12.0,5.5,30.0,34.5,25.0,18.5,0.0,0.0,0.0,0,5
8.0,1.0,0.0,2.0,0.0,6.0,256.8333333333333,8.333333333333334,27.166666666666664,35.5,16.5,8.0,3.5,9.833333333333332,26.0,23.0,18.666666666666668,2.0,2.0,2.0,1,5
7.0,1.0,1.0,6.0,0.0,22.666666666666668,808.3333333333334,55.5,115.5,171.0,56.66666666666666,25.666666666666668,21.333333333333336,48.16666666666666,78.0,84.66666666666667,67.83333333333333,3.0,6.0,2.0,1,5
8.0,0.0,0.0,0.0,0.0,9.0,519.0,30.5,63.0,93.5,39.5,21.5,14.0,32.0,46.0,47.0,37.0,1.0,0.0,0.0,0,5
5.5,0.0,0.0,0.0,0.0,5.5,237.5,21.0,32.0,53.0,13.0,6.5,5.5,13.5,23.0,28.5,19.5,0.0,0.0,0.0,0,5
13.0,2.0,2.0,5.0,0.5,43.0,1570.0,61.0,184.5,245.5,170.0,65.0,38.5,96.5,150.0,152.5,119.0,5.5,11.0,4.0,1,5
5.0,0.0,0.0,0.0,1.0,9.666666666666666,291.3333333333333,7.0,26.83333333333333,33.833333333333336,41.333333333333336,15.0,3.333333333333333,29.666666666666668,33.333333333333336,22.0,20.0,1.0,1.0,2.0,1,5
6.5,1.0,1.0,4.0,0.0,12.0,472.0,17.0,42.0,59.0,32.0,14.5,3.0,23.5,33.0,34.0,26.5,2.0,4.0,4.0,1,5
1.5,0.0,0.0,0.0,0.0,3.0,99.0,1.0,7.5,8.5,7.0,3.5,0.5,5.5,7.0,8.5,6.5,0.0,0.0,0.0,0,5
5.5,1.0,0.0,2.0,1.0,15.0,687.0,26.5,80.5,107.0,50.0,12.5,11.5,43.0,60.0,53.0,41.0,3.0,3.0,3.0,1,5
3.0,0.0,0.0,0.0,0.0,12.5,473.1666666666667,18.0,64.5,82.5,32.166666666666664,13.833333333333334,13.5,42.0,44.0,60.66666666666667,45.333333333333336,0.0,0.0,0.0,0,5
6.0,0.0,0.0,0.0,0.0,5.5,216.5,9.833333333333334,20.5,30.33333333333333,16.5,12.5,4.0,16.833333333333332,19.83333333333333,22.166666666666668,17.333333333333336,0.0,0.0,2.0,1,5
7.0,1.0,0.0,2.0,1.0,9.0,333.0,15.5,35.5,51.0,27.0,9.5,5.5,16.5,30.0,46.5,36.0,0.0,3.0,2.0,1,5
5.5,0.0,0.0,0.0,0.0,15.0,516.5,27.5,62.0,89.5,42.0,24.5,10.5,42.0,48.5,41.5,30.5,0.0,0.0,0.0,0,6
8.0,2.0,1.0,3.0,0.5,29.0,1171.0,51.0,115.0,166.0,94.5,47.0,14.5,64.5,95.0,121.0,96.0,3.5,7.0,5.0,1,6
10.5,1.0,1.0,3.0,0.5,29.5,1073.6666666666667,59.5,127.33333333333331,186.83333333333331,91.0,34.166666666666664,25.5,70.33333333333333,91.16666666666669,123.0,96.0,3.5,7.0,4.0,1,6
5.0,0.0,0.0,0.0,1.0,8.5,314.0,18.5,34.5,53.0,20.5,15.5,6.0,18.5,25.0,35.0,28.5,0.5,1.0,2.0,1,6
5.0,0.0,0.0,0.0,0.0,1.5,97.0,2.5,12.0,14.5,7.5,5.0,0.5,5.0,10.5,5.0,3.5,0.0,0.0,0.0,1,6
11.5,1.0,1.0,2.0,1.0,27.0,1017.5,43.5,117.0,160.5,98.0,35.0,21.5,69.5,101.0,76.0,62.5,0.0,6.0,6.0,1,6
7.0,0.0,0.0,0.0,0.0,6.0,382.1666666666667,10.5,30.83333333333333,41.333333333333336,28.5,6.666666666666667,5.5,29.83333333333333,32.166666666666664,33.0,23.0,0.5,0.0,0.0,0,6
6.0,1.0,0.0,2.0,0.0,10.0,474.1666666666666,21.166666666666668,42.0,63.16666666666667,35.0,17.333333333333332,10.0,31.166666666666664,51.333333333333336,26.33333333333333,19.83333333333333,2.0,2.0,3.0,1,6
4.5,0.0,0.0,0.0,0.0,5.5,151.5,7.0,14.5,21.5,4.5,6.5,4.0,9.5,13.0,15.0,10.5,0.0,0.0,0.0,0,6
7.5,2.0,0.0,2.0,1.0,18.0,816.5,47.0,85.0,132.0,64.0,33.5,19.5,58.0,66.0,77.0,58.5,3.0,6.0,6.0,1,6
3.0,0.0,0.0,0.0,0.0,13.5,370.5,10.5,40.5,51.0,22.0,7.5,5.0,23.5,33.5,25.0,18.5,1.0,0.0,0.0,0,6
6.0,1.0,1.0,6.0,0.0,13.5,593.5,30.5,66.0,96.5,46.5,24.0,12.5,43.0,50.5,51.0,43.0,3.0,6.0,2.0,1,6
6.0,0.0,0.0,0.0,0.0,13.5,506.5,24.5,59.0,83.5,32.5,19.5,20.5,32.0,52.0,64.0,52.0,0.0,0.0,0.0,0,6
3.5,0.0,0.0,0.0,0.0,8.0,239.83333333333331,13.0,26.0,39.0,19.83333333333333,11.0,6.0,23.83333333333333,21.33333333333333,16.5,12.0,0.0,0.0,0.0,0,7
10.0,2.0,2.0,4.0,1.0,35.5,1449.5,66.0,158.0,224.0,102.0,56.5,28.0,92.5,114.0,158.5,119.0,5.0,10.0,6.0,1,7
6.5,0.0,0.0,0.0,0.5,10.666666666666666,408.5,24.166666666666668,44.833333333333336,69.0,31.83333333333333,16.5,10.5,27.666666666666668,37.333333333333336,54.333333333333336,39.16666666666666,0.5,1.0,4.0,1,7
6.0,1.0,0.0,2.0,0.0,12.0,495.6666666666666,19.5,59.833333333333336,79.33333333333333,33.66666666666667,15.5,5.5,37.833333333333336,48.5,53.33333333333333,40.5,1.0,2.0,3.0,1,7
6.0,1.0,0.0,2.0,0.0,5.0,303.0,12.5,29.5,42.0,25.0,12.0,2.0,21.5,31.0,25.5,19.0,1.0,2.0,2.0,1,7
8.0,0.0,0.0,0.0,0.5,8.5,321.5,14.5,36.0,50.5,17.5,10.0,7.5,18.0,30.0,22.5,16.5,0.0,1.0,4.0,1,7
5.0,0.0,0.0,0.0,0.0,2.0,99.83333333333334,3.5,7.5,11.0,7.333333333333334,1.0,1.5,8.333333333333334,7.666666666666666,8.0,4.5,0.0,0.0,0.0,0,7
7.5,1.0,0.0,0.0,0.0,5.0,311.83333333333337,13.0,24.0,37.0,16.0,5.5,4.0,22.5,35.333333333333336,21.166666666666668,15.666666666666666,1.0,0.0,0.0,0,7
6.0,0.0,0.0,0.0,0.0,6.5,242.0,7.0,14.0,21.0,17.0,8.5,3.5,13.0,20.0,17.0,11.0,0.0,0.0,0.0,0,7
9.0,2.0,1.0,4.5,0.5,25.0,1195.5,57.5,127.0,184.5,99.0,55.0,17.5,76.5,101.0,103.0,75.5,5.0,10.0,4.0,1,7
2.5,0.0,0.0,0.0,0.0,3.5,122.5,5.5,9.5,15.0,12.0,3.0,0.5,4.5,9.0,10.0,8.5,0.0,0.0,0.0,0,7
6.5,1.0,1.0,3.0,0.5,25.0,841.0,32.5,88.0,120.5,62.0,31.5,14.5,55.5,79.5,76.0,66.5,3.5,7.0,4.0,1,7
6.0,0.0,0.0,0.0,1.0,10.0,346.5,14.0,35.0,49.0,32.0,14.5,8.5,23.5,33.5,31.0,25.5,0.0,1.0,2.0,1,7
2.0,0.0,0.0,0.0,0.0,4.5,188.5,12.0,16.0,28.0,13.0,1.0,1.0,14.5,18.5,18.0,12.5,0.0,0.0,0.0,0,8
12.0,2.0,1.0,3.0,1.0,25.0,957.0,44.0,104.5,148.5,66.0,30.5,25.5,65.5,77.0,108.5,77.0,4.0,8.0,5.0,1,8
6.5,1.0,1.0,3.5,0.0,22.0,849.8333333333334,52.833333333333336,115.33333333333331,168.16666666666666,74.5,28.666666666666664,14.0,65.0,89.66666666666667,106.16666666666669,78.5,3.5,7.0,5.0,1,8
7.0,1.0,0.0,0.0,0.0,13.0,647.5,26.0,76.0,102.0,42.5,21.0,14.5,43.5,67.0,65.5,50.0,0.0,0.0,0.0,0,8
8.0,1.0,0.0,1.0,0.0,10.0,353.0,15.0,34.0,49.0,19.5,12.0,3.5,25.5,40.0,37.0,26.5,1.0,2.0,4.0,1,8
8.0,1.0,0.0,0.0,0.0,15.166666666666666,657.5,41.16666666666666,83.66666666666667,124.83333333333331,45.16666666666666,20.166666666666668,13.5,33.5,65.5,52.33333333333333,38.83333333333333,0.0,0.0,0.0,0,8
2.5,0.0,0.0,0.0,0.0,0.0,7.333333333333333,0.0,1.0,1.0,1.0,0.0,1.0,0.0,1.3333333333333333,0.6666666666666666,0.6666666666666666,0.0,0.0,0.0,0,8
6.0,0.0,0.0,0.0,0.0,0.5,118.5,7.0,12.5,19.5,7.5,1.0,0.5,5.0,11.0,6.0,4.0,0.0,0.0,2.0,1,8
6.5,0.0,0.0,0.0,0.0,2.5,171.5,6.5,9.0,15.5,15.5,6.5,2.5,8.5,18.0,9.0,6.0,0.0,0.0,0.0,1,8
8.5,2.0,2.0,5.5,1.0,42.5,1545.0,82.5,172.5,255.0,126.0,56.0,16.5,90.0,131.5,146.0,104.5,0.0,13.0,4.0,1,8
4.5,0.0,0.0,0.0,0.0,8.0,214.0,7.5,20.5,28.0,8.0,3.5,7.5,17.0,26.0,7.5,6.5,0.0,0.0,0.0,1,8
7.5,0.0,0.0,0.0,1.0,15.0,518.6666666666666,16.5,52.5,69.0,41.0,16.0,9.0,32.0,48.5,56.66666666666666,48.5,1.0,2.0,4.0,1,8
5.5,0.0,0.0,0.0,0.0,6.5,255.0,16.5,30.5,47.0,22.5,10.0,2.0,16.5,28.0,24.5,15.0,0.0,0.0,0.0,0,8
5.0,0.0,0.0,0.0,0.0,1.6666666666666663,66.33333333333333,4.333333333333333,5.166666666666667,9.5,4.5,0.5,0.0,5.166666666666667,4.666666666666666,7.333333333333333,4.833333333333334,0.0,0.0,0.0,0,9
11.0,1.0,0.0,1.0,1.0,7.5,538.5,18.0,60.0,78.0,47.0,12.5,5.5,41.5,48.5,49.5,35.5,2.0,4.0,4.0,1,9
10.5,2.0,2.0,5.5,1.0,36.5,1670.3333333333333,111.66666666666669,239.0,350.6666666666667,130.5,47.66666666666666,31.5,117.16666666666669,182.66666666666663,183.33333333333331,130.83333333333334,6.5,13.0,8.0,1,9
6.0,0.0,0.0,0.0,0.0,4.5,337.0,16.5,32.5,49.0,31.5,11.5,5.0,22.0,39.5,34.0,27.0,0.0,0.0,0.0,0,9
9.0,1.0,0.0,1.0,0.5,16.0,591.0,24.0,73.5,97.5,46.5,25.5,12.0,40.5,53.0,53.0,39.0,0.0,3.0,5.0,1,9
7.5,1.0,0.0,2.0,0.0,15.5,602.0,39.5,84.0,123.5,38.5,25.5,23.5,39.5,65.0,62.5,49.5,0.0,2.0,3.0,1,9
2.5,0.0,0.0,0.0,0.0,4.0,149.5,4.0,12.5,16.5,5.5,5.0,1.0,4.5,11.0,10.0,10.0,0.0,0.0,0.0,0,9
5.0,0.0,0.0,0.0,1.0,7.5,351.5,14.5,49.833333333333336,64.33333333333333,27.83333333333333,12.833333333333334,4.5,23.5,29.666666666666668,30.666666666666668,22.33333333333333,0.5,1.0,2.0,1,9
9.5,1.0,1.0,0.0,0.0,18.0,703.0,35.0,83.5,118.5,67.0,25.0,13.5,38.0,58.5,73.5,61.0,0.0,0.0,0.0,0,9
7.0,1.0,1.0,2.0,1.5,24.0,792.5,43.0,84.0,127.0,64.0,34.0,12.5,50.0,69.0,73.0,51.5,1.0,7.0,5.0,1,9
9.0,1.0,0.0,2.0,0.0,17.5,510.5,27.5,54.0,81.5,46.5,15.0,15.5,35.0,49.0,31.0,24.5,1.0,2.0,3.0,1,9
7.0,0.0,0.0,0.0,0.5,23.166666666666668,780.0,49.833333333333336,96.5,146.33333333333334,58.5,19.666666666666668,20.666666666666668,51.0,67.83333333333333,95.16666666666669,70.5,0.0,1.0,4.0,1,9
6.5,0.0,0.0,0.0,0.0,4.5,167.0,13.5,27.0,40.5,8.0,7.0,3.0,10.5,18.0,20.5,12.0,0.0,0.0,0.0,0,9
3.0,0.0,0.0,0.0,0.0,1.0,54.0,0.0,3.5,3.5,4.0,1.0,0.5,3.0,5.5,4.0,2.0,0.0,0.0,0.0,1,10
6.0,0.0,0.0,0.0,0.0,1.5,92.0,1.5,6.5,8.0,7.5,2.0,0.0,5.0,2.5,6.5,5.5,0.0,0.0,0.0,0,10
9.0,0.0,0.0,0.0,0.0,13.0,618.6666666666666,28.333333333333336,71.5,99.83333333333331,51.66666666666666,19.0,5.5,45.33333333333333,50.33333333333333,41.833333333333336,33.333333333333336,1.0,0.0,0.0,0,10
10.0,2.0,2.0,5.5,1.0,38.0,1914.1666666666667,110.83333333333331,259.1666666666667,370.0,130.83333333333334,56.5,37.0,123.16666666666669,192.33333333333331,179.33333333333334,137.83333333333334,6.5,13.0,7.0,1,10
7.5,1.0,0.0,1.0,1.0,21.0,739.0,34.0,104.5,138.5,51.0,33.0,17.0,50.0,76.0,87.5,73.0,1.0,4.0,5.0,1,10
6.5,1.0,0.0,2.0,1.0,22.0,763.0,50.5,112.0,162.5,70.0,32.0,32.0,66.5,87.5,79.5,57.0,1.5,3.0,3.0,1,10
5.0,0.0,0.0,0.0,0.0,4.5,148.5,9.5,14.5,24.0,16.0,6.0,0.5,9.0,9.0,16.5,13.5,0.0,0.0,0.0,0,10
7.0,1.0,0.0,0.0,0.0,24.0,948.0,38.0,120.5,158.5,66.0,28.5,15.0,62.0,88.5,64.5,41.5,2.0,0.0,0.0,0,10
8.5,1.0,1.0,7.0,0.0,22.5,897.0,48.0,120.0,168.0,95.5,37.5,23.0,57.5,83.5,128.5,112.5,0.0,7.0,2.0,1,10
6.0,0.0,0.0,0.0,0.0,13.5,517.6666666666666,24.166666666666668,57.333333333333336,81.5,47.833333333333336,23.166666666666668,7.666666666666667,41.5,59.5,49.5,40.0,1.0,0.0,0.0,0,10
10.0,2.0,1.0,3.0,0.0,35.5,1387.0,61.5,147.5,209.0,122.5,42.0,27.5,95.5,113.5,126.0,103.5,3.0,6.0,8.0,1,10
5.5,0.0,0.0,0.0,0.5,13.5,608.5,28.166666666666664,62.83333333333333,91.0,49.66666666666666,20.666666666666668,10.5,44.16666666666667,52.833333333333336,50.5,38.0,1.0,1.0,4.0,1,10
6.0,0.0,0.0,0.0,0.0,0.0,10.0,0.3333333333333333,0.0,0.3333333333333333,0.3333333333333333,0.3333333333333333,0.0,1.3333333333333333,1.3333333333333333,0.0,0.0,0.0,0.0,0.0,1,10
